Action	Acción
Add	Añadir
Advanced	Avanzado
Always	Siempre
Altitude	Altitud
Altitude Reference	Ref. altitud
App	Aplicación
Area Cleared	Área despejada
Auto	Automático
Awaiting teammate	Esperando equipo
Back	Volver
Base Camp	Campamento base
Beijing (UTC+8)	Pekín (UTC+8)
BLE bridge ready  |  %s	Puente BLE listo  |  %s
BLE linked  |  %s	BLE vinculado  |  %s
Bluetooth	Bluetooth
Bluetooth Pairing	Emparejar Bluetooth
Bcast	Difusión
Bridge error	Error de puente
Broadcast	Difusión
Cancel	Cancelar
Channel	Canal
Chat	Charla
Chat unavailable	Chat no disponible
Chinese	Chino
Closes automatically after pairing	Cierra tras emparejar
Close	Cerrar
Command	Comando
Command: %s	Comando: %s
Command: %s %s	Comando: %s %s
Command: %s %s %s	Comando: %s %s %s
Compare Verification Code	Comparar código
Compass	Brújula
Connected	Conectado
Connected, handshaking...	Conectado, negociando...
Contacts	Contactos
Contacts (%s)	Contactos (%s)
Contacts (LXMF)	Contactos (LXMF)
Contacts (LXMF - %.3fMHz)	Contactos (LXMF - %.3fMHz)
Contacts (MeshCore)	Contactos (MeshCore)
Contacts (Meshtastic - %.3fMHz)	Contactos (Meshtastic - %.3fMHz)
Contacts (RNode)	Contactos (RNode)
Contacts (RNode - %.3fMHz)	Contactos (RNode - %.3fMHz)
Conversation protocol mismatch	Protocolo no coincide
Cyrillic keyboard	Teclado cirílico
Data Exchange	Intercambio datos
Debug Logs	Registros depuración
Decoding: %d%%	Decodificando: %d%%
Decoding: 0%	Decodificando: 0%
Delete	Eliminar
Delete %s?	¿Eliminar %s?
Delete contact %s?	¿Eliminar contacto %s?
Delete failed	Error al eliminar
Device: %s	Dispositivo: %s
Direct	Directo
Disabled	Desactivado
Discover	Descubrir
Display Language	Idioma de pantalla
Duplicate name not allowed	Nombre duplicado no permitido
Edit	Editar
Edit nickname	Editar apodo
Emergency SOS	Emergencia SOS
Energy Sweep	Barrido energía
English	Inglés
English keyboard	Teclado inglés
Enter nickname	Ingresar apodo
Enter number for %s	Ingresar número para %s
Enter the 6-digit number	Ingrese número de 6 dígitos
Enter this 6-digit PIN on your phone	Ingrese PIN de 6 dígitos en su teléfono
Error	Error
Error: %lu	Error: %lu
FSK Voice	Voz FSK
Failed	Fallido
Fix	Fijar
Fixed PIN	PIN fijo
Gauge Design (mAh)	Capacidad diseño (mAh)
Gauge Full (mAh)	Capacidad total (mAh)
Good Find	Buen hallazgo
GPS	GPS
Extensions	Extensiones
Language	Idioma
Package Details	Detalles paquete
Back to list	Volver a lista
Install	Instalar
Update	Actualizar
Uninstall	Desinstalar
Incompatible	Incompatible
Compatible with this device	Compatible con este dispositivo
Compatibility: %s	Compatibilidad: %s
memory profile mismatch	Perfil memoria no coincide
needs %s	necesita %s
Update available: %s	Actualización disponible: %s
Installed	Instalado
Installed: %s	Instalado: %s
Available to install	Disponible para instalar
Blocked	Bloqueado
%lu locales  %lu fonts  %lu IME  %s	%lu idiomas  %lu fuentes  %lu IME  %s
No Wi-Fi	Sin Wi-Fi
Installing package...	Instalando paquete...
Package installed	Paquete instalado
Uninstalling package...	Desinstalando paquete...
Package uninstalled	Paquete desinstalado
No language packs available	No hay paquetes de idioma
Available language packs: %lu	Paquetes de idioma: %lu
About	Acerca de
Package Info	Info paquete
Contents	Contenido
Source	Origen
Archive: %s\nExtra font RAM: %s\nProfiles: %s\n%s	Archivo: %s\nFuente extra RAM: %s\nPerfiles: %s\n%s
Locales: %s\nFonts: %s\nIME: %s	Configuración regional: %s\nFuentes: %s\nIME: %s
Author: %s\nHomepage: %s	Autor: %s\nPágina de inicio: %s
None	Ninguno
GPS Status	Estado GPS
HDOP	HDOP
Heading starting	Rumbo inicial
Hide	Ocultar
Host bridge	Puente de host
Host connected, probing modem...	Host conectado, módem sondeando...
IDLE	IDLE
Ignored	Ignorado
Ignore	Ignorar
Ignore unavailable	Ignorar no disponible
Ignore update failed	Error al ignorar la actualización
Image received	Imagen recibida
Info	Información
Initializing...	Inicializando...
Invalid airtime factor	Factor de tiempo aire no válido
Invalid design capacity (mAh)	Capacidad de diseño no válida (mAh)
Invalid frequency offset	Desplazamiento de frecuencia no válido
Invalid frequency value	Valor de frecuencia no válido
Invalid full capacity (mAh)	Capacidad total no válida (mAh)
Invalid marker	Marcador no válido
Invalid MeshCore bandwidth	Ancho de banda MeshCore no válido
Invalid MeshCore frequency	Frecuencia MeshCore no válida
Invalid number	Número no válido
Invalid RX delay	Retraso RX no válido
Key marked trusted	Clave marcada como confiable
Key must be 32 hex or 16 chars	La clave debe tener 32 hexadecimales o 16 caracteres
Key trust failed	Error en la confianza de la clave
Key Verification	Verificación de clave
LINKED	ENLACE
LISTEN	ESCUCHA
LIVE	EN VIVO
Loading...	Cargando...
Location	Ubicación
Location: %s	Ubicación: %s
Location: %s %s	Ubicación: %s %s
LoRa direct path  |  %s	Ruta directa LoRa |  %s
Low battery - audio disabled	Batería baja - audio desactivado
Map	Mapa
Map Layer	Capa de mapa
MESH	MALLA
Mesh Status	Estado de la malla
Mesh unavailable	Malla no disponible
MeshCore only	MeshCore solo
Message DB cleared	BD de mensajes borrada
Messages	Mensajes
MESSAGES	MENSAJES
Messages and broadcasts show here	Los mensajes y transmisiones se muestran aquí
Mini Compass	Minibrújula
MT send uses slot 0/1 only	El envío MT utiliza solo la ranura 0/1
N/A	N/A
Nearby	Cerca
Need local GPS	Necesita GPS local
Network	Red
New	Nuevo
new activity	nueva actividad
Next	Siguiente
No GPS fix	No hay solución GPS
No image	Sin imagen
No messages	Sin mensajes
No preview	Sin vista previa
No recent traffic	No hay tráfico reciente
No response	Sin respuesta
No route selected	Ninguna ruta seleccionada
No target	Sin objetivo
No track files	No hay archivos de seguimiento
Node DB reset	Restablecer base de datos de nodo
Node ignored	Nodo ignorado
Node ignored and hidden	Nodo ignorado y oculto
Node unignored	Nodo ignorado
North locked	Norte bloqueado
Not set	No establecido
NO	NO
NO FIX	SIN ARREGLO
Number keyboard	Teclado numérico
OFF	APAGADO
OK	Aceptar
ON	ENCENDIDO
online	en línea
Pairing	Emparejamiento
PC Link	Enlace a PC
PC Link is unavailable on this target.	PC Link no está disponible en este destino.
peer lock  |  turn %03.0f deg	bloqueo de pares |  girar %03.0f grados
Pinyin keyboard	Teclado pinyin
Pinyin: %s	Pinyin: %s
Position	Posición
position stream active  |  %u in view	flujo de posición activo |  %u a la vista
Power	Energía
Press Back	Presione Atrás
Press RX to start	Presione RX para comenzar
Primary	Primario
Protocol	Protocolo
Protocol switch failed	Falló el cambio de protocolo
Protocol switched	Protocolo cambiado
quiet net	red silenciosa
Random PIN	PIN aleatorio
Ready	Listo
RECEIVING	RECIBIENDO
Recent Activity	Actividad reciente
Record	Registro
Recording	Grabación
Region	Región
Remain: %u	Permanecer: %u
Reply	Responder
Reply disabled for this protocol	Respuesta deshabilitada para este protocolo
Reset Mesh Profiles	Restablecer perfiles de malla
Reset Node DB	Restablecer base de datos del nodo
Resetting...	Restableciendo...
Return	Volver
Rally Point	Punto de reunión
RNode Bridge	RNode Puente
RNode modem ready	RNode módem listo
RNode text chat runs on host	RNode el chat de texto se ejecuta en el host
Route	Ruta
Run	Ejecutar
RX	RX
RX: %lu  TX: %lu	RX: %lu TX: %lu
RX: 0  TX: 0	RX: 0 TX: 0
Save	Guardar
Saved: %s	Guardado: %s
Scan failed	Falló el escaneo
Scan Local	Escanear local
Scanning 5s...	Escaneando 5s...
Screen Brightness	Brillo de pantalla
Screen Timeout	Tiempo de espera de pantalla
SEARCH	BUSCAR
Secondary	Secundaria
Select a route	Selecciona una ruta
Select a track	Selecciona una pista
Select marker	Seleccionar marcador
Select Track	Seleccionar pista
Selected: %s	Seleccionado: %s
Send	Enviar
Send failed	Error en el envío
Send this code and compare:\n	Envía este código y compara:\n
Send ID Broadcast	Enviar ID Difusión
Send ID Local	Enviar ID Local
Sending...	Enviando...
Sent	Enviado
Queued	En cola
Delivered	Entregado
Settings	Configuración
Setting	Configuración
Share Position Marker	Compartir marcador de posición
Share this number:\n	Comparte este número:\n
Short Name	Nombre corto
SOLO	SOLITARIO
Speaker Volume	Volumen del altavoz
Sky Plot	Trazado del cielo
SSTV RX READY	SSTV RX LISTO
SSTV start failed	Falló el inicio de SSTV
standing by	en espera
Status	Estado
Stopped	Detenido
Stop	Detener
Stop recording first	Detener la grabación primero
Submit	Enviar
Submit failed	Error al enviar
System	Sistema
SATELLITE STATUS	ESTADO DEL SATÉLITE
Talk	Hablar
TALK	HABLAR
Team	Equipo
TEAM	EQUIPO
Team chat send failed	Falló el envío del chat del equipo
Team chat unavailable	Chat de equipo no disponible
Team chat unavailable in RNode mode	El chat de equipo no está disponible en el modo RNode
team member position will appear here	la posición del miembro del equipo aparecerá aquí
Team keys not ready	Las claves del equipo no están listas
Team location encode failed	Falló la codificación de la ubicación del equipo
Text chat unavailable	Chat de texto no disponible
threads active	hilos activos
Time Zone	Zona horaria
Tracker	Rastreador
traffic active	tráfico activo
Trust Key	Clave de confianza
U	U
Unignore	Dejar de ignorar
Unread	No leído
Unknown	Desconocido
USB Mass Storage	USB Almacenamiento masivo
USB Disk	USB Disco
USB Bridge	USB Puente
USB host bridge	USB puente de host
USB Bridge is unavailable on this target.	USB El puente no está disponible en este destino.
USB CDC KISS modem for Reticulum	USB Módem CDC KISS para Reticulum
USE	USO
Used	Usado
User Name	Nombre de usuario
Verification Number	Número de verificación
Verification number sent	Número de verificación enviado
Vibration	Vibración
VOL %d	VOL %d
VOL 80	VOL 80
waiting for better sky view  |  %u in view	esperando una mejor vista del cielo |  %u a la vista
waiting for module GNSS compass	esperando módulo GNSS brújula
waiting for traffic	esperando tráfico
Waiting for host...	Esperando host...
Waiting for Reticulum host...	Esperando el host Reticulum...
WAIT IMU	ESPERA IMU
Walkie not available	Walkie no disponible
Walkie start failed	Falló el inicio del walkie
Walkie Talkie	Walkietalkie
YES	SÍ
6 digits	6 dígitos
%u threads active	%u subprocesos activos
%ud	%ud
%uh	%uh
%um	%um
%umo	%umo
%uy	%uy
Confirm received code:\n	Confirmar código recibido:\n
device heading from 9-axis module	rumbo del dispositivo desde el módulo de 9 ejes
heading unlocks after first fix	el título se desbloquea después de la primera corrección
If it matches, trust the key.	Si coincide, confíe en la clave.
magnetometer heading active	rumbo del magnetómetro activo
magnetometer still warming up	el magnetómetro aún se está calentando
needle shows north until target lock	la aguja muestra el norte hasta fijar el objetivo
nearest peer  |  %.0f m away	par más cercano |  %.0f m de distancia
no recent traffic	no hay tráfico reciente
now	ahora
%s layer missing	Falta la capa %s
Active: %s	Activo: %s
Alt: %.0f m	Alt: %.0fm
Alt: -- m	Alt: -- m
Base: %s	Base: %s
Battery critical	Batería crítica
Broadcast (%d)	Difusión (%d)
COMPLETE	COMPLETO
Calibrating...	Calibrando...
Confirm	Confirmar
Contour: OFF	Contorno: APAGADO
Decoder error	Error de decodificador
Direct (%d)	Directo (%d)
E	E
ERROR	ERROR
Exiting USB...	Saliendo de USB...
Hold	Espera
ID: !%08lX	ID: !%08lX
ID: -	ID: -
Key refresh not implemented	Actualización de clave no implementada
Key verify: %s %s	Verificación de clave: %s %s
Key verify: confirm %s %s	Verificación de clave: confirmar %s %s
Key verify: enter number for %s	Verificación de clave: ingrese el número para %s
Key verify: send %s %s	Verificación de clave: enviar %s %s
Later	Más tarde
Level %d	Nivel %d
Listening for SSTV signal...	Escuchando señal SSTV...
Low battery: %d%%	Batería baja: %d%%
MODE: %s	MODO: %s
MODE: Auto	MODO: Automático
Map - %.48s	Mapa - %.48s
Map - %s Missing	Mapa - %s Falta
Map - No Map Data	Mapa - Sin datos de mapa
Map - No SD Card	Mapa - Sin tarjeta SD
Map - no gps data	Mapa - sin datos GPS
Message	Mensaje
Mic TBD	Micrófono por determinar
Mic init failed	Falló el inicio del micrófono
Morse Input	Entrada Morse
MoveTo	Mover a
N	norte
NODE INFO	INFORMACIÓN DEL NODO
Name required	Nombre requerido
Name too long	Nombre demasiado largo
No KML routes	No hay rutas KML
No SD Card	Sin tarjeta SD
No routes folder	No hay carpeta de rutas
No tracks yet	Aún no hay pistas
Only leader can manage	Sólo el líder puede gestionar
Only leader can pair	Sólo el líder puede emparejar
Paired successfully	Emparejado exitosamente
Pairing failed	Error en el emparejamiento
Pairing init failed	Error al iniciar el emparejamiento
Pairing not available	Emparejamiento no disponible
Pairing not ready	Emparejamiento no listo
Press Back to exit USB mode	Presione Atrás para salir del modo USB
Press SPACE to resume	Presione ESPACIO para reanudar
Swipe up to resume	Desliza hacia arriba para continuar
RallyTo	Reunirse a
Route configured	Ruta configurada
Route: %s	Ruta: %s
SD Card Not Found\nPlease insert SD card	SD Tarjeta no encontrada\nPor favor inserte la tarjeta SD
SSTV RECEIVER	RECEPTOR SSTV
Save failed	Error al guardar
Scan +%u/%u	Escanear +%u/%u
Select level	Seleccionar nivel
Selected level: %d	Nivel seleccionado: %d
Shutting down to protect battery	Apagar para proteger la batería
Status: CALIB	Estado: CALIB
Step 1/2: Tap short dots	Paso 1/2: Toque los puntos cortos
Step 2/2: Tap long dashes	Paso 2/2: Toca guiones largos
Switch to %s to chat	Cambie a %s para chatear
Symbol: 	Símbolo:
Tap to input, idle 3s to send	Toque para ingresar, inactivo 3 segundos para enviar
Team keys mismatch	Las claves del equipo no coinciden
Team: 	Equipo:
Text: 	Texto:
Unread: %d	No leído: %d
Unread: 0	No leído: 0
W	W
0° Horizon	Horizonte 0°
PSK must be 32 hex or 16 chars	PSK debe tener 32 hexadecimales o 16 caracteres
Restarting...	Reiniciando...
awaiting position	esperando posición
compass wakes after GPS fix	la brújula se activa después de la corrección GPS
searching satellites	buscando satélites
%s -	%s -
%s 0s	%s 0s
%s %us	%s %us
%s %um	%s %um
%s %uh	%s %uh
%s %ud	%s %ud
AUTO	AUTOMÁTICO
Alt: %ld m	Alt: %ldm
Alt: -	Alt: -
BEST	MEJOR
BW: %.0fk	BW: %.0fk
BW: %.1fk	BW: %.1fk
BW: -	BW: -
CAD	CAD
CURSOR	CURSOR
Ch: %.3f	Canal: %.3f
Ch: -	Canal: -
Hop: %u	Salto: %u
Hop: -	Salto: -
Hop: - / NH: %02X	Salto: - / NH: %02X
ID: !%06lx	ID: !%06lx
ID: !%08lx	ID: !%08lx
Last heard:	Última escucha:
Link	Enlace
Link / MeshCore	Enlace / MeshCore
Link / Meshtastic	Enlace / Meshtastic
MODE: RSSI	MODO: RSSI
NOISE %.0f dBm	RUIDO %.0f dBm
NOISE -104 dBm	RUIDO -104 dBm
PKI: -	PKI: -
PKI: known	PKI: conocido
PKI: verified	PKI: verificado
RSSI %.0f dBm	RSSI %.0f dBm
RSSI -92 dBm	RSSI -92 dBm
RSSI: %.0f dBm	RSSI: %.0f dBm
RSSI: -	RSSI: -
Role: %s	Rol: %s
SCAN	ESCANEAR
SF: %u	SF: %u
SF: -	SF: -
SIM	SIM
SNR +%d	SNR +%d
SNR +12	SNR +12
SNR: %.1f dB	SNR: %.1f dB
SNR: -	SNR: -
SNR %.0f	SNR %.0f
SNR -	SNR -
SNR Good	SNR Bueno
SNR Weak	SNR Débil
STEP %.0fk | BW %.0fk	PASO %.0fk | BW %.0fk
STEP %.1fk | BW %.1fk	PASO %.1fk | BW %.1fk
STEP -- | BW --	PASO -- | BW --
STOP	DETENER
Slot	Ranura
Slot %u	Ranura %u
SUB-GHz SCAN	ESCANEO SUB-GHz
Actions	Acciones
Actions: %s	Acciones: %s
Access to team data revoked	Acceso a los datos del equipo revocado
Capability:	Capacidad:
Channel Actions	Acciones del canal
Confirm Kick	Confirmar patada
Create Team	Crear equipo
ELEV	ELEV
Join Team	Únase al equipo
In View	En vista
Keep devices within 5m	Mantenga los dispositivos a menos de 5 m
KeyDist	DistClave
KeyId: %u	ID de clave: %u
KeyId: --	ID de clave: --
Keys	Claves
Kick	Patada
Kick Member	Miembro expulsado
Last paired: %s	Último par: %s
Last seen %uh ago	Visto por última vez hace %uh
Last seen %um ago	Visto por última vez hace %um
Last seen --	Visto por última vez --
Last update %us ago	Última actualización hace %us
Last update --	Última actualización--
Last update 0s ago	Última actualización hace 0s
Leader	Líder
Leader online	Líder en línea
Leave	Salir
Leave team?	¿Dejar el equipo?
Manage	Administrar
Member: %s	Miembro: %s
Members	Miembros
Members: %u	Miembros: %u
Members: %u  Online: %u	Miembros: %u En línea: %u
Modem Bridge	Puente de módem
No members yet	Aún no hay miembros
Not Used	No utilizado
Offline	Sin conexión
Online	En línea
Online: %u	En línea: %u
Pair Again	Emparejar de nuevo
Pair Member	Miembro del par
Pairing in progress	Emparejamiento en curso
Prev	Anterior
Remove %s from team?	¿Eliminar %s del equipo?
Request Keys	Solicitar claves
Retry	Reintentar
Security Round: %u	Ronda de seguridad: %u
Security Round: --	Ronda de seguridad: --
Security: OK (Round %u)	Seguridad: OK (Ronda %u)
Security: OK (Round --)	Seguridad: OK (Ronda --)
Seen %ud	Visto %ud
Seen %uh	Visto %uh
Seen %um	Visto %um
Send failed (keys not ready)	Error al enviar (las claves no están listas)
Status: %s	Estado: %s
Target: %s	Destino: %s
Team / %s	Equipo / %s
Team Actions	Acciones del equipo
Team Health	Salud del equipo
Team Status	Estado del equipo
Team: %s	Equipo: %s
This clears local keys.	Esto borra las claves locales.
This will update the security round.\nThe member will no longer receive\nteam messages or waypoints.	Esto actualizará la ronda de seguridad.\nEl miembro ya no recibirá\nmensajes o puntos de referencia del equipo.
Transfer	Transferir
Transfer Leader	Líder de transferencia
View Team	Ver equipo
Waiting for new keys...	Esperando nuevas claves...
Waypoint	Punto de referencia
You are no longer in this team	Ya no estás en este equipo
You are not in a team	No estás en un equipo
- No shared map\n- No team awareness	- Sin mapa compartido\n- Sin conocimiento del equipo
1 member stale	1 miembro obsoleto
encrypt failed	falló el cifrado
member	miembro
queue full	cola llena
unsupported protocol	protocolo no compatible
Factory Reset	Restablecimiento de fábrica
Clear all settings and restart?	¿Borrar todas las configuraciones y reiniciar?
Terrain	Terreno
Satellite	Satélite
Contour: ON	Contorno: ENCENDIDO
Contour data missing	Faltan datos de contorno
%d enabled	%d habilitado
%s  %s	%s %s
Channel Key / PSK	Clave de canal / PSK
Channel Slot	Ranura de canal
Channel Utilization	Utilización del canal
Check for Updates	Buscar actualizaciones
Clear Message DB	Borrar base de datos de mensajes
Connect	Conectar
Contour Overlay	Superposición de contorno
Coordinate Format	Formato de coordenadas
Coordinate System	Sistema de coordenadas
Current Version	Versión actual
Detected Network	Red detectada
Disconnect	Desconectar
Duty Cycle Limit	Límite del ciclo de trabajo
Enabled IMEs	Habilitado IMEs
Encryption Mode	Modo de cifrado
Freq Offset (MHz)	Compensación de frecuencia (MHz)
GPS Enabled	GPS Habilitado
Hop Limit	Límite de saltos
IME setting update failed	IME error en la actualización de la configuración
Install Update	Instalar actualización
Latest Version	Última versión
Layer	Capa
Location Mode	Modo de ubicación
MC Airtime Factor	Factor de tiempo aire MC
MC Bandwidth (kHz)	Ancho de banda MC (kHz)
MC Channel Key	Tecla de canal MC
MC Channel Name	Nombre del canal MC
MC Channel Slot	Ranura de canal MC
MC Coding Rate	Tasa de codificación MC
MC Flood Max	Inundación MC máx.
MC Frequency (MHz)	Frecuencia MC (MHz)
MC Multi ACKs	MC Multi ACK
MC RX Delay Base	MC RX Base de retardo
MC Region Preset	Región MC preestablecida
MC Repeat	Repetición MC
MC Spread Factor	Factor de dispersión MC
MC TX Power	MC TX Energía
Manual BW	Manual BW
Manual CR	Manual CR
Manual SF	Manual SF
Map Source	Fuente del mapa
Modem Preset	Módem preestablecido
NMEA Export	NMEA Exportar
NMEA Sentences	NMEA Oraciones
No IME packs installed	No hay paquetes IME instalados
No position available	No hay puesto disponible
OTA Status	OTA Estado
Override Duty Cycle	Anular el ciclo de trabajo
Override Freq (MHz)	Anular frecuencia (MHz)
Password	Contraseña
Position Strategy	Estrategia de posición
SSID	SSID
Satellite Systems	Sistema de satélitems
Scan Networks	Escanear redes
TX Enabled	TX Habilitado
TX Power	TX Energía
Track Format	Formato de pista
Track Interval	Intervalo de seguimiento
Track Recording	Grabación de pistas
Unavailable	No disponible
Update Interval	Intervalo de actualización
Use Preset	Usar preajuste
Wi-Fi Enabled	Wi-Fi Habilitado
Wi-Fi start failed	Wi-Fi inicio fallido
All	Todos
Contact Alerts	Alertas de contactos
Contacts Only	Solo contactos
Message Alerts	Alertas de mensajes
Backup Status	Estado de copia
Backup Settings	Respaldar ajustes
Restore Settings	Restaurar ajustes
No backup found	No se encontró copia
Backup unsupported	Copia no compatible
SD not detected	No se detectó tarjeta SD
Backup found	Copia encontrada
Insert SD card to backup settings	Inserta una tarjeta SD para respaldar ajustes
Backup failed	Error al respaldar
Settings backup saved to SD	Copia de ajustes guardada en SD
Insert SD card to restore settings	Inserta una tarjeta SD para restaurar ajustes
No settings backup found	No se encontró copia de ajustes
Restore failed	Error al restaurar
Settings restored. Restarting...	Ajustes restaurados. Reiniciando...
Overwrite current settings and restart?	¿Sobrescribir los ajustes actuales y reiniciar?
Restore	Restaurar
Date/Time	Fecha/hora
Set Date/Time	Ajustar fecha/hora
Date	Fecha
Time	Hora
Invalid date/time	Fecha/hora no válida
Set time unsupported	Ajuste de hora no compatible
Date/time updated	Fecha/hora actualizada
Seen %um ago	Visto hace %u min
Seen %uh ago	Visto hace %u h
Seen %ud ago	Visto hace %u d
Seen --	Visto --
Shutdown	Apagar
Power Off	Apagar
Powering off...	Apagando...
Power off failed	Error al apagar
Power off device now?	¿Apagar el dispositivo ahora?
USB power keeps the device awake.	La alimentación USB mantiene el dispositivo activo.
Unplug USB to power off	Desconecta USB para apagar
Power chip unavailable	Chip de energía no disponible
%u days ago	%u days ago
%u hours ago	%u hours ago
%u mins ago	%u mins ago
1 day ago	1 day ago
1 hour ago	1 hour ago
1 min ago	1 min ago
Add Reticulum Group	Add Reticulum Group
Applying defaults	Applying defaults
Applying setting	Applying setting
Backing up settings...	Backing up settings...
Backup complete	Backup complete
C6 Companion	C6 Companion
Calling %s	Calling %s
Channel PSK generated	Channel PSK generated
Channel cleared	Channel cleared
Channel key generated	Channel key generated
Check SD card	Check SD card
Clearing messages...	Clearing messages...
Clearing node database	Clearing node database
Clearing stored settings	Clearing stored settings
Configure Wi-Fi in Settings first	Configure Wi-Fi in Settings first
Connect Wi-Fi to browse uninstalled packages	Connect Wi-Fi to browse uninstalled packages
Connecting Wi-Fi...	Connecting Wi-Fi...
Conversation	Conversation
Delete this chat?	Delete this chat?
Destination hash	Destination hash
Disconnecting Wi-Fi...	Disconnecting Wi-Fi...
ERR	ERR
Enter	Enter
FSK	FSK
GPS Diagnostics	GPS Diagnostics
Group Actions	Group Actions
Group destination	Group destination
Install package failed	Install package failed
Installed locally	Installed locally
Installed package	Installed package
Invalid MQTT port	Invalid MQTT port
Invalid gateway port	Invalid gateway port
Key generation failed	Key generation failed
Key missing	Key missing
Looking for nearby networks	Looking for nearby networks
Monitor Off	Monitor Off
Name	Name
No installed packages	No installed packages
No matches	No matches
No uninstalled packages	No uninstalled packages
Node info: %s	Node info: %s
PSK generation failed	PSK generation failed
PSK must be 32/64 hex or 16/32 chars	PSK must be 32/64 hex or 16/32 chars
Preparing companion...	Preparing companion...
Preview Help	Preview Help
Preview failed	Preview failed
Primary Group	Primary Group
Public	Public
Reading backup from SD	Reading backup from SD
Refresh	Refresh
Remote catalog is unavailable. Connect Wi-Fi to view package details and updates.	Remote catalog is unavailable. Connect Wi-Fi to view package details and updates.
Requesting download mode	Requesting download mode
Resetting mesh...	Resetting mesh...
Resetting nodes...	Resetting nodes...
Restoring settings...	Restoring settings...
Reticulum Peer	Reticulum Peer
Route Preview	Route Preview
Scanning Wi-Fi...	Scanning Wi-Fi...
Settings restored	Settings restored
Settings saved to SD	Settings saved to SD
Start failed	Start failed
Unable to apply GPS setting	Unable to apply GPS setting
Updating chat storage	Updating chat storage
Updating network list	Updating network list
Wi-Fi connect failed	Wi-Fi connect failed
Wi-Fi connected	Wi-Fi connected
Wi-Fi unsupported	Wi-Fi unsupported
Wi-Fi unsupported on this device	Wi-Fi unsupported on this device
Writing to SD card	Writing to SD card
Protocol Probe	Sonda de protocolo
Release	Soltar
Voice	Voz
Voice message	Mensaje de voz
Voice message (Sending...)	Mensaje de voz (enviando...)
Voice message (Failed)	Mensaje de voz (fallido)
Verify contact for private voice	Verifica el contacto para voz privada
Voice busy; wait	Voz ocupada; espera
Voice memory busy; retry	Memoria de voz ocupada; reintenta
Voice storage loading; try again	Cargando almacenamiento de voz; reintenta
VMP private	VMP privado
VMP broadcast	VMP difusión
VMP broadcast (unverified)	VMP difusión (sin verificar)
Playing voice...	Reproduciendo voz...
Voice message - Enter plays	Mensaje de voz - Enter reproduce
playing	reproduciendo
Enter plays	Enter reproduce
Voice audio is busy	Audio de voz ocupado
Tracks	Recorridos
Routes	Rutas
Start recording	Iniciar registro
Stop recording	Detener registro
Not recording	Sin registrar
Add KML files to the routes folder	Añade archivos KML a la carpeta de rutas

# Agenda / Calendar
1 day before	1 día antes
1 hour before	1 hora antes
10 min before	10 min antes
30 min before	30 min antes
Agenda	Agenda
Agenda storage unavailable	Almacenamiento de eventos no disponible
Another reminder is already snoozed	Ya hay otro recordatorio pospuesto
At time	A la hora
Changes apply to the entire series	Los cambios se aplican a toda la serie
Choose on map	Elegir en el mapa
Could not read events	No se pudieron leer los eventos
Could not save changes	No se pudieron guardar los cambios
Could not update reminder	No se pudo actualizar el recordatorio
Current position	Posición actual
Current position unavailable	Posición actual no disponible
Daily	Diariamente
Date or time is out of range	Fecha u hora fuera de rango
Delete this event?	¿Eliminar este evento?
Discard	Descartar
Discard changes?	¿Descartar los cambios?
Done	Hecho
Edit Event	Editar evento
End <= start: next day	Fin ≤ inicio: día siguiente
End time (optional)	Hora de fin (opcional)
Enter a title and valid date/time	Introduce un título y una fecha y hora válidas
Event Detail	Detalles del evento
Event is unavailable	Evento no disponible
Event Reminder	Recordatorio de evento
Fri	Vie
Invalid location	Ubicación no válida
Keep editing	Seguir editando
Location is optional	La ubicación es opcional
Map is unavailable on this target.	El mapa no está disponible en este dispositivo.
Mon	Lun
Monthly	Mensualmente
More	Más
Navigate	Navegar
New Event	Nuevo evento
No upcoming events	No hay próximos eventos
Note	Nota
Pick Date	Elegir fecha
Pick Time	Elegir hora
Reminder	Recordatorio
Remove location	Quitar ubicación
Repeat	Repetir
Sat	Sáb
Saving...	Guardando…
Set the device time first	Configura primero la hora del dispositivo
Snooze 10 min	Posponer 10 min
Start time	Hora de inicio
Sun	Dom
Text exceeds the UTF-8 byte limit	El texto supera el límite de bytes UTF-8
Thu	Jue
Title	Título
Today	Hoy
Tomorrow	Mañana
Tue	Mar
Wed	Mié
Weekly	Semanalmente
Yearly	Anualmente
Calendar	Calendario
Pick	Elegir
Could not read waypoints	No se pudieron leer los puntos
First	Primera
No saved waypoints	No hay puntos guardados
Saved waypoint	Punto guardado
Waypoint unavailable	Punto no disponible
